année_publication,code_departement,nom_departement,code_region,nom_region,Nombre  d'habitants,Densité de population au km²,Variation de la population sur 10 ans (en %),Dont contribution du solde naturel (en %),Dont contribution du solde migratoire (en %),% population de moins de 20 ans,% population de 60 ans et plus,Taux de chômage au T4 (en %),Taux de pauvreté* (en %),Nombre de logements,Nombre de résidences principales,Taux de logements sociaux* (en %),Taux de logements vacants* (en %),Taux de logements individuels (en %),Moyenne annuelle de la construction neuve sur 10 ans,Construction,Parc social - Nombre de logements,Parc social - Logements mis en location*,Parc social - Logements démolis,Parc social - Ventes à des personnes physiques,Parc social - Taux de logements vacants* (en %),Parc social - Taux de logements individuels (en %),Parc social - Loyer moyen (en €/m²/mois)*,Parc social - Âge moyen du parc  (en années),"Parc social - Taux de logements énergivores (E,F,G)* (en %)"
2023,5,Hautes-Alpes,93,PROVENCE-ALPES-CÔTE D'AZUR,140230,25.0,1.17,-0.8099999999999999,1.9900000000000002,20.788704271553875,33.46430863581259,6.7,13.9,138751,67476,12.0,6.0,44.0,1271,1964.0,8016,74.0,0.0,24.0,2.56,26.91,5.3,40.0,52.0
2022,13,Bouches-du-Rhône,93,PROVENCE-ALPES-CÔTE D'AZUR,2056455,402.0,04.08,4.24,-0.17,24.0,27.0,9.1,17.9,1044973,916900,18.0,8.0,37.0,12816,11574.0,162109,2007.0,338.0,401.0,2.25,06.03,5.93,40.0,5.0
2021,971,Guadeloupe,1,GUADELOUPE,379707,233.0,-5.862825551,4.333155657,-10.19598121,24.0,27.0,19.4,,229421,172818,21.53016027,15.24314298,74.66546504,3437,2956.0,37208,140.0,0.0,1593.0,5.647618771,5.748763707,6.146949118,20.0,
2023,61,Orne,28,NORMANDIE,276600,45.0,-4.91,-3.01,-1.91,21.685827910339842,34.180766449746926,6.4,15.0,164988,129291,16.0,11.0,80.0,483,641.0,21228,107.0,40.0,2.0,6.84,25.64,4.94,44.0,36.0
2023,28,Eure-et-Loir,24,CENTRE-VAL DE LOIRE,430512,73.0,0.02,2.35,-2.33,25.026015534990893,27.4082952391571,6.6000000000000005,11.8,218433,186252,18.0,9.0,74.0,2060,3752.0,32832,517.0,73.0,93.0,3.6900000000000004,6.25,5.19,40.0,22.0
2023,36,Indre,24,CENTRE-VAL DE LOIRE,217378,32.0,-5.56,-5.64,0.08,19.74670849856011,36.441130197168064,7.000000000000001,14.6,138959,105611,16.0,13.0,83.0,442,540.0,17397,105.0,172.0,73.0,3.7600000000000002,16.07,5.31,39.0,26.0
2022,31,Haute-Garonne,76,OCCITANIE,1434439,223.0,13.82,5.86,7.96,24.0,22.0,8.0,13.3,740546,654629,14.0,7.0,49.0,14941,13084.0,94394,3243.0,87.0,444.0,1.74,15.24,6.34,26.0,6.0
2022,11,Aude,76,OCCITANIE,378068,61.0,05.03,-2.7,7.73,21.0,34.0,10.5,20.0,265167,175600,10.0,8.0,71.0,2143,2674.0,18191,331.0,0.0,25.0,2.74,29.6,5.47,38.0,9.0
2022,22,Côtes-d'Armor,53,BRETAGNE,600924,87.0,1.1,-3.24,4.34,22.0,34.0,6.8,12.1,371643,278422,8.0,9.0,82.0,3239,4299.0,23322,300.0,0.0,10.0,1.87,41.75,5.11,32.0,13.0
2021,69,Rhône,84,AUVERGNE-RHÔNE-ALPES,1882578,579.0,9.123759475,7.824762329,1.298997146,25.0,22.0,7.3,14.2,926575,829300,21.17773255,7.337240478,28.59193042,13653,11750.0,175627,2955.0,903.0,481.0,1.71848516,3.36280868,6.116837669,40.0,23.0
2021,50,Manche,28,NORMANDIE,492896,83.0,-1.173139889,-1.462865942,0.289726053,21.0,32.0,5.8,12.0,298631,228960,16.51812764,8.369987185,79.88599905,2214,2077.0,37820,62.0,1.0,11.0,3.195706028,40.23796933,4.728527831,42.0,34.0
2023,15,Cantal,84,AUVERGNE-RHÔNE-ALPES,144123,25.0,-2.34,-6.950000000000001,4.61,18.98309083213644,36.56113181102253,4.1000000000000005,13.2,102234,69236,9.0,12.0,76.0,508,534.0,6156,34.0,105.0,9.0,3.0700000000000003,17.669999999999998,5.2,36.0,32.0
2023,77,Seine-et-Marne,11,ÎLE-DE-FRANCE,1436079,243.0,7.3,08.07,-0.77,27.173226542550932,20.97530846144258,6.6000000000000005,11.7,634163,571820,19.0,7.000000000000001,56.99999999999999,10738,11227.0,110951,2247.0,74.0,261.0,2.4299999999999997,19.939999999999998,6.39,36.0,20.0
2023,2,Aisne,32,HAUTS-DE-FRANCE,526983,72.0,-2.65,0.5499999999999999,-3.19,24.507242169102227,28.10735830188071,10.299999999999999,18.0,267555,231594,18.0,10.0,76.0,1277,1490.0,40989,254.0,40.0,175.0,3.64,25.019999999999996,5.37,40.0,37.0
2022,4,Alpes-de-Haute-Provence,93,PROVENCE-ALPES-CÔTE D'AZUR,165171,24.0,2.62,-2.72,5.33,21.0,35.0,9.1,16.6,129690,78495,10.0,8.0,61.0,859,1170.0,7540,16.0,0.0,14.0,3.38,26.91,5.87,29.0,24.0
2022,45,Loiret,24,CENTRE-VAL DE LOIRE,684609,101.0,3.79,3.35,0.44,25.0,27.0,7.2,13.2,348977,300347,17.0,9.0,68.0,3453,4493.0,51374,324.0,150.0,149.0,3.41,24.81,5.78,36.0,18.0
2021,37,Indre-et-Loire,24,CENTRE-VAL DE LOIRE,608781,99.0,3.093232179,1.759989162,1.333243017,23.0,28.0,6.9,13.0,325171,281840,17.98995741,8.644028521,62.94730723,3623,3325.0,50703,786.0,16.0,137.0,2.838913482,18.49003018,5.333570768,39.0,13.0
2023,6,Alpes-Maritimes,93,PROVENCE-ALPES-CÔTE D'AZUR,1102251,256.0,1.94,0.06,1.8800000000000001,21.03958172866253,31.31392033212036,7.199999999999999,16.2,783398,519776,12.0,8.0,24.0,6846,6624.0,60251,1611.0,12.0,66.0,1.81,13.13,6.7,33.0,5.0
2022,57,Moselle,44,GRAND EST,1045213,167.0,0.01,0.76,-0.76,22.0,28.0,7.8,15.3,523268,463372,17.0,9.0,55.0,5326,6960.0,78499,664.0,68.0,279.0,4.17,12.3,5.53,47.0,16.0
2023,26,Drôme,84,AUVERGNE-RHÔNE-ALPES,519421,80.0,6.4399999999999995,2.13,4.31,23.75471919695199,29.163241378380928,7.7,14.4,279948,233506,13.0,9.0,64.0,3157,3352.0,29646,787.0,197.0,110.0,1.8499999999999999,28.299999999999997,5.53,35.0,11.0
2023,42,Loire,84,AUVERGNE-RHÔNE-ALPES,769112,161.0,2.68,1.55,1.13,24.172682262141272,28.962101748509973,7.1,15.0,403254,345635,17.0,10.0,51.0,3319,4729.0,60359,1049.0,195.0,194.0,5.970000000000001,25.14,5.17,45.0,18.0
2023,66,Pyrénées-Orientales,76,OCCITANIE,485651,118.0,7.32,-2.32,9.64,21.535423586073126,33.49154022127001,11.700000000000001,20.7,359151,229563,11.0,8.0,56.00000000000001,3599,3546.0,25888,724.0,60.0,46.0,3.75,34.67,5.52,29.0,1.0
2022,2B,Haute-Corse,94,CORSE,185528,40.0,10.01,-0.77,10.78,20.0,30.0,7.3,20.1,133540,81397,11.0,3.0,51.0,2108,2417.0,9014,239.0,0.0,47.0,1.99,10.47,5.64,34.0,10.0
2022,1,Ain,84,AUVERGNE-RHÔNE-ALPES,660875,114.0,9.45,4.0,5.45,26.0,24.0,5.9,10.5,321432,277345,17.0,8.0,63.0,5363,5772.0,47407,910.0,36.0,157.0,3.85,17.11,5.9,31.0,33.0
2022,12,Aveyron,76,OCCITANIE,279997,32.0,1.52,-4.34,5.86,20.0,35.0,5.9,14.0,182769,131225,7.0,11.0,74.0,1265,1376.0,8622,9.0,4.0,14.0,3.99,16.78,4.76,43.0,20.0
2022,37,Indre-et-Loire,24,CENTRE-VAL DE LOIRE,612237,99.0,3.13,1.43,1.69,23.0,29.0,6.8,12.4,328095,283871,18.0,9.0,63.0,3641,4500.0,51925,308.0,52.0,155.0,2.31,19.21,5.37,39.0,13.0
2022,73,Savoie,84,AUVERGNE-RHÔNE-ALPES,439852,72.0,4.99,2.24,2.74,23.0,28.0,6.5,10.3,352254,199957,18.0,6.0,38.0,4490,5767.0,35004,435.0,105.0,53.0,2.66,5.53,5.97,37.0,26.0
2021,974,La Réunion,4,LA RÉUNION,856858,342.0,4.350314686,11.40821983,-7.057905146,29.0,18.0,17.4,38.9,376047,332399,23.22986834,8.706585291,66.05278327,7394,6563.0,77216,1638.0,15.0,116.0,1.435520228,13.76787194,6.072919022,19.0,
2023,35,Ille-et-Vilaine,53,BRETAGNE,1099074,162.0,10.299999999999999,4.22,06.08,24.907149109159164,24.15897382705805,5.4,10.7,546440,471034,16.0,7.000000000000001,59.0,9866,10930.0,75378,1130.0,117.0,150.0,1.9300000000000002,29.65,5.6,32.0,9.0
2023,37,Indre-et-Loire,24,CENTRE-VAL DE LOIRE,614119,100.0,3.44,1.43,02.01,23.030227040687553,28.501479354978432,6.3,12.4,330454,286623,18.0,9.0,62.0,3634,4369.0,52275,483.0,9.0,103.0,2.6100000000000003,47.910000000000004,5.39,40.0,13.0
2023,87,Haute-Vienne,75,NOUVELLE-AQUITAINE,371487,67.0,-1.22,-1.77,0.5599999999999999,21.00558027602581,32.24608128952022,6.3,15.3,221779,183146,14.000000000000002,10.0,66.0,1436,2024.0,26483,301.0,48.0,47.0,3.1,16.33,5.18,46.0,10.0
2023,55,Meuse,44,GRAND EST,181165,29.0,-6.4,-1.63,-4.77,22.146109899815087,31.188143405183123,7.3,14.2,100007,83065,12.0,12.0,76.0,303,493.0,9758,1.0,345.0,18.0,5.86,4.31,5.12,45.0,24.0
2022,83,Var,93,PROVENCE-ALPES-CÔTE D'AZUR,1090123,181.0,7.64,-1.04,8.68,21.0,34.0,8.2,15.3,729223,501337,11.0,6.0,47.0,8647,8011.0,53552,1247.0,0.0,29.0,3.34,6.25,5.83,32.0,2.0
2022,78,Yvelines,11,ÎLE-DE-FRANCE,1457875,635.0,3.13,7.68,-4.55,27.0,23.0,6.7,9.7,649383,590685,22.0,6.0,42.0,8668,8455.0,129509,2300.0,183.0,196.0,2.6,5.14,6.72,39.0,17.0
2022,81,Tarn,76,OCCITANIE,392053,68.0,3.81,-2.09,5.89,22.0,33.0,8.0,15.3,214423,178826,9.0,9.0,79.0,1893,2631.0,15454,151.0,50.0,44.0,4.58,18.42,4.99,44.0,22.0
2022,93,Seine-Saint-Denis,11,ÎLE-DE-FRANCE,1668164,7025.0,09.04,13.99,-4.96,29.0,17.0,10.9,27.6,687238,638197,37.0,6.0,24.0,13400,11531.0,235058,3328.0,460.0,146.0,2.32,1.67,6.78,42.0,11.0
2022,973,Guyane,3,GUYANE,290528,3.0,22.3,29.57,-7.27,41.0,10.0,14.5,,94768,82045,23.612651593637636,11.0,60.0,1849,1998.0,19373,119053.0,149.0,47.0,6.0,25.0,6.4,20.0,
2022,44,Loire-Atlantique,52,PAYS DE LA LOIRE,1461267,212.0,12.72,4.43,8.29,25.0,24.0,6.5,10.0,764010,641172,14.0,6.0,61.0,12816,12601.0,92148,1494.0,162.0,293.0,1.64,16.33,5.88,32.0,3.0
2021,16,Charente,75,NOUVELLE-AQUITAINE,349878,58.0,-0.48325118,-2.115041655,1.631790475,20.0,33.0,7.5,15.0,198241,164551,9.763499372,10.59128783,82.76835462,1382,1179.0,16066,170.0,0.0,23.0,3.719087482,20.76434707,5.165217341,40.0,13.0
2023,68,Haut-Rhin,44,GRAND EST,767636,218.0,1.94,2.17,-0.24,22.95775601978021,27.238039904329657,6.800000000000001,13.2,386082,338153,15.0,9.0,52.0,4163,6265.0,50403,572.0,184.0,99.0,2.85,24.779999999999998,5.65,46.0,25.0
2023,69,Rhône,84,AUVERGNE-RHÔNE-ALPES,1895426,583.0,8.67,7.9799999999999995,0.69,25.152076630794344,22.352442142294134,6.2,14.1,949531,847309,21.0,7.000000000000001,28.000000000000004,12922,11559.0,180063,2854.0,1006.0,504.0,2.17,12.959999999999999,6.23,41.0,16.0
2023,14,Calvados,28,NORMANDIE,698670,126.0,1.96,0.6,1.3599999999999999,23.28882018692659,29.00582535388667,6.3,11.9,426069,320938,19.0,7.000000000000001,60.0,5056,6162.0,60144,584.0,540.0,72.0,2.59,8.16,5.68,37.0,18.0
2022,48,Lozère,76,OCCITANIE,76604,15.0,-0.72,-5.01,4.29,20.0,34.0,4.9,14.9,61547,35342,8.0,10.0,78.0,366,418.0,2891,8.0,4.0,1.0,6.54,16.15,5.2,38.0,38.0
2022,36,Indre,24,CENTRE-VAL DE LOIRE,216392,32.0,-5.99,-5.64,-0.35,20.0,36.0,7.4,14.6,138826,105404,17.0,13.0,83.0,462,628.0,17539,60.0,0.0,58.0,04.04,35.78,5.3,38.0,26.0
2022,63,Puy-de-Dôme,84,AUVERGNE-RHÔNE-ALPES,669014,84.0,5.28,0.32,4.96,22.0,29.0,6.8,13.2,392038,311902,14.0,10.0,63.0,3821,4981.0,43602,592.0,8.0,198.0,03.03,15.71,5.47,37.0,11.0
2022,8,Ardennes,44,GRAND EST,267127,51.0,-5.65,-0.65,-5.0,23.0,30.0,9.5,18.3,142983,121244,20.0,12.0,71.0,653,736.0,24336,119.0,4.0,37.0,4.37,23.8,05.05,41.0,17.0
2022,17,Charente-Maritime,75,NOUVELLE-AQUITAINE,656951,95.0,5.0,-3.91,8.91,20.0,36.0,7.9,12.4,440935,311814,10.0,7.0,77.0,5524,6238.0,29722,457.0,220.0,60.0,1.58,23.44,5.56,33.0,3.0
2021,10,Aube,44,GRAND EST,310161,51.0,2.253014074,1.026944519,1.226069555,24.0,28.0,10.0,16.2,165501,141918,22.67918048,9.519184747,65.68774286,1448,1431.0,32186,717.0,64.0,171.0,3.699245185,23.83023675,5.370930176,39.0,27.0
2021,24,Dordogne,75,NOUVELLE-AQUITAINE,411528,45.0,-0.632864018,-4.925763433,4.292899415,18.0,37.0,7.9,16.3,260245,195895,7.277342005,10.3102484,84.29379884,1942,1992.0,14256,119.0,29.0,4.0,7.323124911,41.14758698,5.21488343,34.0,18.0
2021,89,Yonne,27,BOURGOGNE-FRANCHE-COMTÉ,334626,45.0,-2.301830603,-1.570757058,-0.731073545,22.0,32.0,6.9,14.5,197683,153251,13.58227599,11.79174592,77.87617402,933,797.0,20815,138.0,23.0,55.0,4.524659394,20.04323805,5.217010573,39.0,25.0
2021,31,Haute-Garonne,76,OCCITANIE,1409629,223.0,13.34693855,5.667069516,7.67986903,24.0,22.0,8.2,13.3,728248,643337,14.24492415,7.262737739,49.36027707,15649,15011.0,91643,3265.0,330.0,610.0,1.835820195,14.74962627,6.233613416,26.0,11.0
2021,5,Hautes-Alpes,93,PROVENCE-ALPES-CÔTE D'AZUR,140349,25.0,2.466215476,-0.118273211,2.584488687,21.0,32.0,7.5,13.9,136581,66428,12.00091136,5.83629262,43.19311131,1155,1177.0,7972,96.0,1.0,5.0,2.717391304,13.17109885,5.28997498,38.0,50.0
2022,21,Côte-d'Or,27,BOURGOGNE-FRANCHE-COMTÉ,534164,61.0,1.57,1.22,0.34,22.0,28.0,5.8,11.5,292479,251175,15.0,9.0,54.0,3064,3323.0,37029,477.0,313.0,103.0,2.58,8.61,5.77,35.0,16.0
2022,74,Haute-Savoie,84,AUVERGNE-RHÔNE-ALPES,841639,190.0,12.67,6.28,6.39,25.0,23.0,6.5,9.4,525404,366281,14.0,6.0,40.0,10755,10038.0,50419,1303.0,2.0,63.0,1.6,2.48,6.33,28.0,14.0
2021,87,Haute-Vienne,75,NOUVELLE-AQUITAINE,371228,67.0,-1.319276644,-1.219859061,-0.099417583,21.0,32.0,7.2,15.5,220762,182193,14.37094725,9.679450134,66.24154612,1382,1350.0,26183,313.0,38.0,24.0,4.511217949,11.33941871,5.077964836,44.0,14.0
2021,48,Lozère,76,OCCITANIE,76573,14.0,-0.660335746,-4.0489349,3.388599154,20.0,33.0,4.7,14.5,61340,35191,8.220829836,10.43772571,78.14563856,396,361.0,2893,25.0,0.0,4.0,7.396768402,16.2461113,5.157231782,37.0,39.0
2022,51,Marne,44,GRAND EST,563998,69.0,-0.45,2.43,-2.88,24.0,26.0,7.4,14.2,297288,261398,28.0,9.0,55.0,2859,2834.0,73671,482.0,224.0,347.0,3.73,17.72,5.42,40.0,19.0
2022,91,Essonne,11,ÎLE-DE-FRANCE,1310435,726.0,6.96,9.5,-2.55,27.0,21.0,6.9,13.2,570417,523349,24.0,7.0,46.0,8965,8236.0,127420,2635.0,0.0,154.0,2.83,4.66,6.59,36.0,12.0
2021,79,Deux-Sèvres,75,NOUVELLE-AQUITAINE,374608,62.0,1.445554743,-0.470387521,1.915942264,22.0,30.0,5.6,12.3,195050,167961,9.326515479,9.127364362,85.79356316,1381,1069.0,15665,216.0,96.0,73.0,3.269666559,49.88828599,5.11497107,35.0,31.0
2021,93,Seine-Saint-Denis,11,ÎLE-DE-FRANCE,1657893,7024.0,8.925145593,13.26410205,-4.338956459,29.0,16.0,11.1,28.4,679663,632024,36.55172264,5.906682372,23.55032314,13189,16549.0,231016,3776.0,285.0,127.0,1.837377241,1.621965578,6.603567025,41.0,18.0
2023,71,Saône-et-Loire,27,BOURGOGNE-FRANCHE-COMTÉ,549467,64.0,-1.17,-2.59,1.41,21.480634869792,33.69101329106206,6.4,12.8,312880,257547,17.0,10.0,70.0,1791,2246.0,42767,243.0,106.0,82.0,6.7,35.3,5.38,46.0,20.0
2022,59,Nord,32,HAUTS-DE-FRANCE,2607879,453.0,1.11,4.55,-3.43,26.0,24.0,9.8,18.4,1232504,1116712,25.0,8.0,66.0,12405,12512.0,275273,2965.0,143.0,792.0,1.19,35.3,5.7,41.0,19.0
2022,75,Paris,11,ÎLE-DE-FRANCE,2147716,20515.0,-4.54,6.75,-11.3,19.0,23.0,6.4,15.4,1389375,1137759,21.0,9.0,1.0,3963,2503.0,236748,2142.0,8.0,0.0,2.15,0.07,8.2,57.0,13.0
2022,82,Tarn-et-Garonne,76,OCCITANIE,262863,70.0,7.49,0.52,6.97,24.0,29.0,9.1,16.3,133522,112575,8.0,10.0,79.0,1322,1865.0,8822,140.0,0.0,11.0,2.61,38.64,5.51,31.0,15.0
2021,4,Alpes-de-Haute-Provence,93,PROVENCE-ALPES-CÔTE D'AZUR,165232,23.0,3.173919288,-1.867011346,5.040930633,20.0,34.0,9.0,16.8,129062,78089,9.66068865,8.349224392,60.89156796,956,817.0,7544,243.0,0.0,26.0,3.797125034,11.98303287,5.84341844,28.0,25.0
2021,972,Martinique,2,MARTINIQUE,359821,318.0,-8.714955109,2.561819303,-11.27677441,21.0,30.0,14.9,29.8,213707,167251,20.31135561,15.43069426,62.22532312,2869,2637.0,33971,652.0,0.0,35.0,3.922047028,0.347355097,5.591964928,25.0,
2021,21,Côte-d'Or,27,BOURGOGNE-FRANCHE-COMTÉ,532576,60.0,1.567249856,1.626179061,-0.058929205,22.0,27.0,6.0,11.2,290523,249765,14.80710445,8.439102437,54.34514788,3087,3278.0,36983,628.0,1.0,54.0,2.292604969,7.554822486,5.702715142,35.0,17.0
2021,76,Seine-Maritime,28,NORMANDIE,1252833,199.0,0.193696313,2.751335361,-2.557639048,24.0,26.0,8.8,14.9,645785,568220,25.9709166,8.086226853,55.90613335,6958,6339.0,147572,885.0,549.0,631.0,2.357546632,13.75328653,5.467538312,40.0,19.0
2021,19,Corrèze,75,NOUVELLE-AQUITAINE,239470,40.0,-1.675624407,-4.569063564,2.893439156,20.0,35.0,6.4,13.1,154656,114177,8.608516929,11.05178702,78.15488602,938,857.0,9829,69.0,21.0,29.0,3.650864974,34.22525181,4.858357202,32.0,38.0
2021,32,Gers,76,OCCITANIE,191322,30.0,1.68102509,-4.246940088,5.927965178,19.0,35.0,6.1,14.9,111171,88771,6.491954277,10.57290433,81.44065453,921,764.0,5763,94.0,0.0,26.0,4.406233208,39.70154433,4.879689625,33.0,7.0
2021,81,Tarn,76,OCCITANIE,389012,67.0,3.631796131,-1.384733829,5.01652996,21.0,32.0,8.0,15.6,212905,177548,8.665243405,9.169885418,78.79756354,1859,1719.0,15385,70.0,57.0,15.0,4.590471092,18.01104972,4.955540391,44.0,27.0
2021,35,Ille-et-Vilaine,53,BRETAGNE,1085753,160.0,9.878458518,4.266804299,5.611654219,25.0,23.0,6.3,10.5,554254,478061,15.39698827,6.693305587,59.67329421,9266,10701.0,73607,1479.0,39.0,118.0,2.417121156,15.07057753,5.484898667,31.0,11.0
2023,57,Moselle,44,GRAND EST,1049612,169.0,0.43,0.76,-0.33999999999999997,22.222116362998896,27.496732125776003,7.000000000000001,15.3,527832,467655,17.0,9.0,55.00000000000001,5512,7731.0,79382,776.0,91.0,274.0,4.2299999999999995,6.69,5.49,47.0,18.0
2023,75,Paris,11,ÎLE-DE-FRANCE,2131104,20296.0,-5.28,6.75,-12.04,18.725646425514665,22.82314706368155,5.6000000000000005,15.4,1393800,1131610,21.0,9.0,1.0,3712,2474.0,239341,1996.0,188.0,2.0,1.5699999999999998,14.39,8.0,58.0,14.0
2023,50,Manche,28,NORMANDIE,494474,83.0,-1.01,-2.16,1.1400000000000001,21.642593948316797,32.805971598102225,5.1,11.4,301071,231224,16.0,8.0,80.0,2094,2876.0,38015,131.0,0.0,16.0,2.64,49.76,4.77,44.0,30.0
2022,15,Cantal,84,AUVERGNE-RHÔNE-ALPES,143790,25.0,-2.57,-6.95,4.39,19.0,37.0,4.3,13.2,101953,68977,9.0,12.0,76.0,525,572.0,6231,84.0,2.0,2.0,3.88,23.17,5.21,36.0,22.0
2022,77,Seine-et-Marne,11,ÎLE-DE-FRANCE,1436063,241.0,7.29,08.07,-0.77,27.0,21.0,7.3,11.7,626435,564817,19.0,7.0,57.0,10456,12044.0,108619,1636.0,35.0,227.0,2.63,8.16,6.44,35.0,19.0
2022,2,Aisne,32,HAUTS-DE-FRANCE,526857,72.0,-2.67,0.55,-3.22,25.0,28.0,11.1,18.0,266922,230907,18.0,10.0,76.0,1312,1379.0,40922,246.0,4.0,95.0,4.16,24.25,5.33,39.0,35.0
2021,70,Haute-Saône,27,BOURGOGNE-FRANCHE-COMTÉ,234567,43.0,-2.079332743,-0.074306611,-2.005026133,22.0,30.0,6.8,13.2,128333,106579,10.57335365,10.78263432,76.40251235,789,712.0,11269,113.0,5.0,12.0,5.873847822,24.67832106,4.861439282,40.0,18.0
2023,84,Vaucluse,93,PROVENCE-ALPES-CÔTE D'AZUR,562700,158.0,2.94,2.53,0.41000000000000003,23.432379598365024,29.403945263906166,9.5,19.5,311098,253217,14.000000000000002,10.0,64.0,3709,4360.0,36248,316.0,0.0,117.0,1.66,23.799999999999997,5.84,40.0,16.0
2023,45,Loiret,24,CENTRE-VAL DE LOIRE,683940,101.0,3.6900000000000004,3.35,0.33999999999999997,25.019153726935112,26.843290347106468,6.9,13.2,351028,302477,17.0,9.0,68.0,3547,4505.0,51368,471.0,339.0,167.0,2.93,13.41,5.8,37.0,18.0
2023,2A,Corse-du-Sud,94,CORSE,161872,40.0,10.99,-1.0999999999999999,12.08,20.20608876149056,31.212933675990907,5.800000000000001,16.3,123650,71095,9.0,3.0,52.0,2128,1589.0,6613,258.0,0.0,0.0,4.760000000000001,17.11,06.08,31.0,15.0
2023,79,Deux-Sèvres,75,NOUVELLE-AQUITAINE,374428,62.0,0.9400000000000001,-1.23,2.17,22.811595286677278,30.874026515111048,5.1,11.9,196421,169208,9.0,9.0,86.0,1242,1912.0,15473,93.0,38.0,104.0,2.59,7.6899999999999995,5.14,36.0,28.0
2022,90,Territoire de Belfort,27,BOURGOGNE-FRANCHE-COMTÉ,138931,230.0,-3.08,1.92,-5.0,24.0,27.0,9.0,14.8,73180,64621,22.0,10.0,47.0,496,597.0,14223,21.0,0.0,59.0,5.41,8.36,5.15,44.0,18.0
2022,52,Haute-Marne,44,GRAND EST,168391,27.0,-7.67,-2.83,-4.84,21.0,33.0,6.5,15.0,100382,80817,20.0,12.0,74.0,338,408.0,15865,35.0,71.0,32.0,10.01,18.64,05.04,46.0,19.0
2021,49,Maine-et-Loire,52,PAYS DE LA LOIRE,818345,114.0,4.273008754,3.518431213,0.754577541,25.0,26.0,7.2,11.4,397886,358513,18.53851655,6.810587697,69.67785964,4236,4365.0,66463,629.0,60.0,345.0,1.987353207,32.34882566,5.354753101,34.0,16.0
2021,11,Aude,76,OCCITANIE,376059,61.0,5.496160935,-1.901157751,7.397318686,21.0,33.0,10.4,20.7,263889,174294,10.25966087,8.540245321,70.74074445,2256,1754.0,17882,288.0,23.0,31.0,2.581343666,29.26965664,5.362856013,38.0,10.0
2021,71,Saône-et-Loire,27,BOURGOGNE-FRANCHE-COMTÉ,549364,64.0,-1.133600762,-1.736664129,0.603063368,21.0,33.0,6.7,13.1,311498,256157,16.6549607,10.30037571,69.57069029,1908,1695.0,42663,122.0,332.0,89.0,8.779186451,19.18524248,5.228800717,45.0,27.0
2023,4,Alpes-de-Haute-Provence,93,PROVENCE-ALPES-CÔTE D'AZUR,165830,24.0,3.0300000000000002,-2.7199999999999998,5.74,20.73689923415546,34.420792377736234,8.1,16.6,130500,79450,10.0,8.0,61.0,879,1351.0,7587,80.0,0.0,33.0,03.04,26.150000000000002,5.9,30.0,25.0
2023,73,Savoie,84,AUVERGNE-RHÔNE-ALPES,441899,73.0,5.48,2.2399999999999998,3.2300000000000004,23.090796765776794,27.50153315576636,5.2,10.3,355575,202682,17.0,6.0,38.0,4628,5677.0,35369,541.0,61.0,50.0,03.02,15.24,6.0,38.0,33.0
2022,32,Gers,76,OCCITANIE,191910,31.0,1.6,-5.01,6.61,20.0,36.0,6.1,15.0,111536,89063,7.0,11.0,81.0,819,905.0,5889,137.0,0.0,11.0,3.55,39.09,05.08,33.0,7.0
2022,62,Pas-de-Calais,32,HAUTS-DE-FRANCE,1460003,219.0,-0.19,1.84,-2.03,25.0,26.0,9.0,17.8,720800,619227,26.0,8.0,77.0,6173,8995.0,161622,1025.0,209.0,532.0,1.53,56.58,5.63,50.0,15.0
2022,19,Corrèze,75,NOUVELLE-AQUITAINE,239019,41.0,-1.42,-5.37,3.95,20.0,36.0,6.4,13.1,155041,114337,9.0,11.0,78.0,813,968.0,9754,56.0,101.0,26.0,3.38,34.67,4.82,33.0,31.0
2022,72,Sarthe,52,PAYS DE LA LOIRE,565314,91.0,-0.07,0.98,-1.05,24.0,29.0,7.7,12.9,293561,252699,16.0,9.0,75.0,1777,1934.0,39300,209.0,123.0,93.0,1.96,25.02,5.18,39.0,20.0
2021,78,Yvelines,11,ÎLE-DE-FRANCE,1449520,634.0,2.892959436,7.451846121,-4.558886684,26.0,22.0,6.7,9.7,643946,586449,21.66630916,6.342942213,41.91895629,8636,9190.0,127062,2681.0,111.0,189.0,2.576414398,4.308133037,6.459588739,38.0,26.0
2021,65,Hautes-Pyrénées,76,OCCITANIE,229205,51.0,-0.11025983,-3.336122515,3.225862685,19.0,34.0,8.8,15.4,162729,109301,11.55422928,9.536909621,60.06639726,1126,927.0,12629,75.0,100.0,44.0,4.300899428,17.35687703,5.378081359,39.0,11.0
2021,36,Indre,24,CENTRE-VAL DE LOIRE,218129,32.0,-5.643751947,-4.672197806,-0.971554141,19.0,36.0,7.5,14.5,138879,105675,16.58857541,13.3314328,82.90344601,521,444.0,17530,87.0,1.0,64.0,3.611449452,35.99543639,5.251481022,36.0,26.0
2023,19,Corrèze,75,NOUVELLE-AQUITAINE,238576,41.0,-1.6,-5.37,3.7699999999999996,19.69602977667494,35.66662195694454,5.8999999999999995,13.1,155575,114511,9.0,11.0,78.0,859,1516.0,9748,52.0,35.0,9.0,2.39,15.120000000000001,5.18,34.0,37.0
2023,16,Charente,75,NOUVELLE-AQUITAINE,351576,59.0,-0.32,-2.86,2.54,20.768198056750176,33.35295924636494,6.7,14.6,199746,165957,10.0,11.0,83.0,1315,2028.0,16291,208.0,7.0,41.0,2.74,20.979999999999997,5.22,41.0,13.0
2023,67,Bas-Rhin,44,GRAND EST,1154712,243.0,05.04,3.19,1.8499999999999999,22.64530029998822,25.610888256119274,6.1,13.2,575001,510782,14.000000000000002,8.0,45.0,7807,8185.0,71057,1034.0,193.0,71.0,2.94,3.46,5.96,44.0,20.0
2023,973,Guyane,3,GUYANE,290714,3.0,22.38,29.57,-7.19,41.38465983750352,9.864677999683538,10.9,,88986,77930,26.0,10.0,62.0,1666,1266.0,20310,1125.0,16.0,60.0,4.5,4.5,6.47,20.0,
2022,80,Somme,32,HAUTS-DE-FRANCE,567745,92.0,-0.61,0.74,-1.35,24.0,27.0,9.1,15.7,303449,252610,17.0,8.0,73.0,2595,2456.0,42266,476.0,36.0,53.0,2.57,25.64,5.65,39.0,25.0
2022,88,Vosges,44,GRAND EST,360241,62.0,-4.91,-2.61,-2.3,21.0,33.0,8.2,14.9,214287,169179,14.0,11.0,65.0,1080,1452.0,24294,53.0,28.0,33.0,4.3,14.39,4.79,44.0,21.0
2022,5,Hautes-Alpes,93,PROVENCE-ALPES-CÔTE D'AZUR,141039,25.0,1.76,-0.81,2.57,21.0,33.0,7.8,13.9,137644,67005,12.0,6.0,43.0,1170,1782.0,7968,0.0,0.0,5.0,2.62,13.13,5.32,39.0,28.0
2022,49,Maine-et-Loire,52,PAYS DE LA LOIRE,822488,114.0,04.07,3.26,0.8,25.0,27.0,7.0,11.1,400508,360982,18.0,7.0,70.0,4315,6547.0,66385,543.0,235.0,341.0,1.91,32.42,5.41,35.0,12.0
2021,42,Loire,84,AUVERGNE-RHÔNE-ALPES,765546,160.0,2.216311702,2.021905422,0.19440628,24.0,28.0,7.8,15.0,399133,341580,17.56860806,10.35411307,50.95714113,3296,3285.0,60011,429.0,146.0,149.0,6.27832508,7.69525587,5.11564057,43.0,20.0
2021,28,Eure-et-Loir,24,CENTRE-VAL DE LOIRE,429641,73.0,0.165060744,2.830745128,-2.665684384,24.0,27.0,7.2,12.0,216684,185040,17.46108927,8.628327167,73.80952155,1823,2006.0,32310,337.0,246.0,98.0,4.02162023,22.69575983,5.130830251,39.0,24.0
2021,33,Gironde,75,NOUVELLE-AQUITAINE,1636085,152.0,12.89223009,2.955262913,9.936967179,23.0,25.0,7.5,12.6,872327,740536,14.40537145,6.222187736,61.57252142,16642,16419.0,106677,3298.0,131.0,400.0,1.271228821,20.78236171,6.033523588,28.0,5.0
2023,64,Pyrénées-Atlantiques,75,NOUVELLE-AQUITAINE,690920,90.0,5.2299999999999995,-1.52,6.74,20.92601169455219,31.631447924506457,5.6000000000000005,12.2,417293,328032,12.0,8.0,51.0,5175,4712.0,38062,760.0,81.0,37.0,1.59,30.819999999999997,5.79,34.0,3.0
2021,973,Guyane,3,GUYANE,288086,3.0,25.77977646,26.98262312,-1.202846664,41.0,9.0,17.8,,91566,80060,23.63217039,9.985090285,60.56991175,2021,2600.0,18920,941.0,11.0,29.0,6.510416667,25.49154334,6.283003693,19.0,
2023,81,Tarn,76,OCCITANIE,392328,68.0,3.88,-2.09,5.970000000000001,21.654839827899107,33.023898370751006,7.7,15.3,215987,180334,9.0,9.0,79.0,1962,2875.0,15520,88.0,202.0,19.0,3.9,8.61,4.95,44.0,23.0
2021,55,Meuse,44,GRAND EST,181387,29.0,-6.464421446,-0.640460389,-5.823961057,22.0,30.0,7.3,14.5,99893,83213,12.17829156,12.09737229,76.27111467,363,223.0,10134,42.0,192.0,28.0,8.436018957,25.2812315,5.048790436,43.0,57.0
2021,40,Landes,75,NOUVELLE-AQUITAINE,414728,44.0,7.912156536,-1.533878018,9.446034555,20.0,32.0,7.6,11.8,259512,188793,7.212653547,6.641283517,72.8918384,3938,5440.0,13617,504.0,0.0,21.0,1.555233666,40.36131306,5.321316698,28.0,7.0
2023,29,Finistère,53,BRETAGNE,920279,137.0,2.27,-1.9,4.17,21.91694040611597,31.186520609510808,6.1,11.0,542677,425945,12.0,7.000000000000001,73.0,5350,7030.0,49278,629.0,55.0,134.0,2.62,33.62,5.44,34.0,11.0
2023,89,Yonne,27,BOURGOGNE-FRANCHE-COMTÉ,332620,45.0,-2.87,-2.35,-0.52,22.454452528410798,32.142985990018644,6.7,14.3,197870,153168,14.000000000000002,12.0,78.0,748,781.0,20806,32.0,29.0,48.0,3.54,16.400000000000002,5.24,41.0,24.0
2023,78,Yvelines,11,ÎLE-DE-FRANCE,1452852,636.0,2.77,7.68,-4.91,26.600713630844712,22.513511355595753,6.3,9.7,654741,595559,22.0,6.0,41.0,8785,10457.0,131550,2451.0,17.0,186.0,2.37,8.36,6.63,39.0,22.0
2023,62,Pas-de-Calais,32,HAUTS-DE-FRANCE,1459338,219.0,-0.24,1.8399999999999999,-2.08,25.206703313420192,26.187010822715507,8.1,17.8,724156,623163,26.0,7.000000000000001,77.0,6259,7776.0,161931,1302.0,366.0,468.0,2.39,0.06999999999999999,5.66,51.0,22.0
2023,3,Allier,84,AUVERGNE-RHÔNE-ALPES,334381,46.0,-2.44,-4.66,2.22,20.204497265095803,35.69311653473134,7.3999999999999995,15.3,209251,162975,12.0,15.0,72.0,848,1239.0,19986,4.0,187.0,27.0,5.7299999999999995,40.910000000000004,5.23,40.0,24.0
2022,35,Ille-et-Vilaine,53,BRETAGNE,1098420,160.0,10.23,4.22,06.02,25.0,24.0,5.8,10.7,561343,484150,15.0,7.0,60.0,9589,13538.0,73717,1215.0,269.0,89.0,2.36,15.12,5.55,31.0,9.0
2022,33,Gironde,75,NOUVELLE-AQUITAINE,1661929,153.0,13.55,2.95,10.59,23.0,26.0,7.2,12.4,886986,753105,14.0,6.0,61.0,16041,14536.0,108888,2707.0,117.0,382.0,1.0,20.98,6.11,29.0,3.0
2022,79,Deux-Sèvres,75,NOUVELLE-AQUITAINE,374763,62.0,01.03,-1.23,2.26,23.0,31.0,5.6,11.9,195568,168390,9.0,9.0,86.0,1212,1494.0,15556,90.0,102.0,98.0,2.65,49.76,5.12,35.0,26.0
2022,87,Haute-Vienne,75,NOUVELLE-AQUITAINE,370651,67.0,-1.44,-1.77,0.33,21.0,32.0,7.0,15.3,221194,182385,14.0,10.0,66.0,1363,1550.0,26244,156.0,235.0,35.0,04.09,13.41,5.16,45.0,4.0
2021,52,Haute-Marne,44,GRAND EST,170339,27.0,-7.444074354,-1.822983172,-5.621091182,20.0,32.0,6.7,14.9,100617,81254,19.61250311,11.70041428,74.55567362,339,251.0,15936,49.0,72.0,34.0,9.471837848,18.7123494,4.956217407,45.0,23.0
2021,64,Pyrénées-Atlantiques,75,NOUVELLE-AQUITAINE,685441,89.0,4.885274248,-1.031039838,5.916314086,21.0,31.0,6.6,12.3,409790,320924,11.47280357,8.137531874,51.15870577,5484,5438.0,36819,920.0,0.0,32.0,2.232563451,7.45538988,5.71845519,33.0,4.0
2021,18,Cher,24,CENTRE-VAL DE LOIRE,299153,41.0,-3.888747884,-2.30067115,-1.588076734,20.0,33.0,7.7,14.3,179125,142526,14.696875,12.92724698,79.29341324,1038,1079.0,20947,16.0,164.0,140.0,5.406254911,32.36740345,5.162102193,37.0,37.0
2021,75,Paris,11,ÎLE-DE-FRANCE,2154092,20515.0,-3.99945094,6.60681967,-10.60627061,18.0,22.0,6.8,15.2,1386846,1140771,20.42468269,8.484438598,0.812070112,4180,3290.0,232999,1585.0,68.0,1.0,1.587338082,0.086695651,7.99201312,56.0,15.0
2023,1,Ain,84,AUVERGNE-RHÔNE-ALPES,662032,115.0,9.64,4.0,5.64,25.719451627715884,24.349729318220266,5.4,10.5,325431,280734,17.0,8.0,63.0,5308,5933.0,48211,1174.0,96.0,154.0,3.2300000000000004,29.79,5.98,31.0,33.0
2023,82,Tarn-et-Garonne,76,OCCITANIE,263504,71.0,7.75,0.52,7.23,24.050488797134008,29.231055316048334,8.6,16.3,134694,113831,8.0,10.0,78.0,1389,1987.0,9144,347.0,12.0,13.0,2.79,41.75,5.51,31.0,19.0
2022,26,Drôme,84,AUVERGNE-RHÔNE-ALPES,521894,80.0,6.95,2.13,4.82,24.0,29.0,8.5,14.4,277777,231521,13.0,9.0,64.0,3210,3900.0,29173,441.0,52.0,75.0,02.04,17.67,5.53,35.0,7.0
2022,41,Loir-et-Cher,24,CENTRE-VAL DE LOIRE,326778,52.0,-1.36,-1.63,0.27,22.0,33.0,6.3,12.5,185077,150114,14.0,11.0,80.0,1156,1594.0,21496,87.0,84.0,37.0,5.66,30.82,4.96,38.0,21.0
2022,85,Vendée,52,PAYS DE LA LOIRE,694684,102.0,8.26,-0.58,8.85,23.0,32.0,5.9,8.9,430815,304996,8.0,5.0,84.0,5601,8714.0,24256,332.0,1.0,37.0,3.26,47.91,5.22,30.0,9.0
2022,18,Cher,24,CENTRE-VAL DE LOIRE,298669,41.0,-4.18,-3.2,-0.98,21.0,34.0,7.8,14.0,179430,142513,15.0,13.0,79.0,893,1546.0,20905,15.0,2.0,72.0,4.67,32.22,5.22,39.0,29.0
2021,34,Hérault,76,OCCITANIE,1184031,194.0,13.35234616,2.591909688,10.76043647,22.0,27.0,11.0,19.7,729652,543017,12.05375824,7.315635832,48.14744159,11905,12231.0,65454,2013.0,32.0,61.0,1.313591619,11.36217802,5.85149325,26.0,7.0
2023,53,Mayenne,52,PAYS DE LA LOIRE,306043,59.0,-0.32,01.02,-1.35,24.60961368173753,29.055720928104872,4.9,11.0,158874,135766,12.0,9.0,80.0,1308,1665.0,15926,135.0,60.0,106.0,2.8899999999999997,17.72,05.05,38.0,18.0
2022,25,Doubs,27,BOURGOGNE-FRANCHE-COMTÉ,546224,104.0,3.24,3.52,-0.28,24.0,26.0,7.3,12.2,283778,247404,15.0,9.0,51.0,2871,3015.0,37336,133.0,126.0,164.0,3.19,7.8,5.62,41.0,11.0
2022,76,Seine-Maritime,28,NORMANDIE,1254203,200.0,0.23,2.41,-2.18,24.0,27.0,8.6,14.6,649681,570684,26.0,8.0,56.0,6426,6126.0,148713,1190.0,155.0,441.0,2.55,14.32,5.52,41.0,18.0
2021,73,Savoie,84,AUVERGNE-RHÔNE-ALPES,436834,72.0,5.271605147,2.679300847,2.5923043,22.0,27.0,6.6,10.0,349226,198138,17.54783813,6.032661523,37.75348266,4335,5228.0,34769,454.0,13.0,35.0,3.130992424,5.550921798,5.898270763,36.0,36.0
2021,3,Allier,84,AUVERGNE-RHÔNE-ALPES,333847,45.0,-2.642399711,-3.73044665,1.08804694,20.0,35.0,8.4,15.5,208375,162853,12.53946948,14.62894722,71.84499548,943,860.0,20421,232.0,147.0,10.0,7.371794872,25.05753881,5.161882954,38.0,25.0
2021,86,Vienne,75,NOUVELLE-AQUITAINE,438390,62.0,2.621063547,0.773889085,1.847174462,23.0,28.0,6.3,14.3,241950,204488,12.51905783,9.617560485,73.96672782,1955,1747.0,25600,111.0,3.0,78.0,4.149895347,30.23046875,5.314421603,39.0,21.0
2021,41,Loir-et-Cher,24,CENTRE-VAL DE LOIRE,327835,51.0,-0.679837251,-0.875850933,0.196013682,22.0,32.0,6.2,12.6,184614,150035,14.33389834,10.84752869,80.29545074,1207,1051.0,21506,90.0,20.0,25.0,7.328192444,30.30317121,4.921047319,37.0,23.0
2021,94,Val-de-Marne,11,ÎLE-DE-FRANCE,1411786,5762.0,6.33064504,9.418617613,-3.087972573,25.0,20.0,7.8,16.6,640016,592118,30.04502192,5.659671361,21.49987342,9402,11024.0,177902,1801.0,89.0,107.0,2.269933869,1.41313757,6.781894928,41.0,15.0
2021,27,Eure,28,NORMANDIE,596993,98.0,1.781625559,3.05348457,-1.271859011,25.0,26.0,8.0,12.5,297286,253986,16.71507012,8.278638988,77.28026766,2694,2087.0,42454,243.0,61.0,122.0,2.619303016,27.70999199,5.595725451,35.0,20.0
2021,95,Val-d'Oise,11,ÎLE-DE-FRANCE,1253568,1006.0,7.036351108,10.61596143,-3.579610318,28.0,19.0,8.9,17.2,510302,473372,26.56975654,5.916239135,44.20622939,7875,7655.0,125774,1836.0,76.0,171.0,2.092250767,5.654586799,6.383801902,39.0,17.0
2023,58,Nièvre,27,BOURGOGNE-FRANCHE-COMTÉ,201017,29.0,-7.93,-6.65,-1.28,19.206335782545754,38.36192958804479,6.7,15.5,141219,100066,13.0,14.000000000000002,78.0,351,411.0,13054,15.0,266.0,41.0,11.05,12.3,5.16,46.0,25.0
2023,972,Martinique,2,MARTINIQUE,357191,317.0,-8.95,1.78,-10.73,21.528817915345012,30.64550898538877,10.2,26.7,212577,167200,21.0,15.0,63.0,2736,2906.0,34413,398.0,168.0,26.0,4.58,4.6,5.78,26.0,
2022,61,Orne,28,NORMANDIE,275624,45.0,-5.25,-3.01,-2.24,22.0,34.0,7.2,15.0,165100,129193,16.0,11.0,80.0,496,680.0,21168,100.0,0.0,5.0,7.35,31.73,4.92,43.0,38.0
2022,64,Pyrénées-Atlantiques,75,NOUVELLE-AQUITAINE,688474,90.0,4.85,-1.52,6.37,21.0,32.0,6.4,12.2,413357,323663,12.0,8.0,51.0,5211,5505.0,37485,709.0,8.0,33.0,1.82,08.02,5.79,33.0,2.0
2022,24,Dordogne,75,NOUVELLE-AQUITAINE,412163,45.0,-0.72,-5.91,5.19,19.0,38.0,7.7,16.1,261104,196500,7.0,10.0,84.0,1935,2912.0,14360,82.0,5.0,15.0,3.49,40.91,5.25,35.0,12.0
2022,55,Meuse,44,GRAND EST,180059,29.0,-6.97,-1.63,-5.34,22.0,31.0,7.5,14.2,99834,82941,12.0,12.0,76.0,319,394.0,10122,0.0,0.0,13.0,7.8,25.22,05.08,44.0,17.0
2021,74,Haute-Savoie,84,AUVERGNE-RHÔNE-ALPES,831867,189.0,12.70566653,6.114988999,6.590677534,24.0,22.0,6.6,8.9,517217,360944,13.60733904,6.221120212,39.78706661,11097,12569.0,49115,1524.0,18.0,62.0,1.656261398,2.156164105,6.233895765,27.0,20.0
2021,15,Cantal,84,AUVERGNE-RHÔNE-ALPES,143821,25.0,-2.929901054,-5.836854254,2.9069532,18.0,36.0,4.5,13.0,101693,68833,8.999956001,11.93898109,75.72375365,555,525.0,6195,25.0,0.0,19.0,3.851374279,23.01856336,5.175641861,35.0,32.0
2023,70,Haute-Saône,27,BOURGOGNE-FRANCHE-COMTÉ,233493,44.0,-2.59,-0.9199999999999999,-1.67,22.796400748630578,30.73539677849015,6.3,13.0,128855,106994,11.0,11.0,76.0,727,854.0,11366,56.0,20.0,47.0,4.41,16.53,05.03,42.0,18.0
2023,65,Hautes-Pyrénées,76,OCCITANIE,230143,52.0,0.4,-4.25,4.65,19.84244578370839,34.915682858049124,7.7,15.5,164545,110673,11.0,10.0,60.0,1123,1843.0,12625,80.0,0.0,56.0,5.43,32.22,5.45,40.0,6.0
2023,52,Haute-Marne,44,GRAND EST,170280,27.0,-6.63,-2.83,-3.8,20.848015034061547,33.21940333568241,6.4,15.0,100520,80979,19.0,12.0,75.0,305,244.0,15731,50.0,125.0,30.0,7.23,17.419999999999998,4.92,46.0,20.0
2023,88,Vosges,44,GRAND EST,359915,61.0,-4.99,-2.6100000000000003,-2.39,21.46034480363419,32.45321812094522,7.3999999999999995,14.9,214812,169446,14.000000000000002,11.0,65.0,1046,1513.0,24230,70.0,84.0,36.0,3.1199999999999997,19.73,4.82,45.0,22.0
2023,971,Guadeloupe,1,GUADELOUPE,381606,234.0,-5.6899999999999995,3.9,-9.59,24.015345670665557,28.40599990566186,19.3,,227525,171988,22.0,15.0,75.0,2950,2880.0,37380,242.0,0.0,193.0,4.64,4.6,6.23,22.0,
2023,2B,Haute-Corse,94,CORSE,184485,40.0,9.4,-0.77,10.17,19.672602108572512,30.524432880722006,6.4,20.1,135125,82538,11.0,3.0,50.0,2119,2868.0,8986,102.0,0.0,2.0,1.7500000000000002,24.25,5.62,34.0,14.0
2022,60,Oise,32,HAUTS-DE-FRANCE,831944,142.0,3.26,4.77,-1.51,26.0,24.0,7.9,12.8,378048,341929,20.0,7.0,67.0,3323,4045.0,67912,738.0,37.0,207.0,1.63,16.4,5.63,39.0,23.0
2022,71,Saône-et-Loire,27,BOURGOGNE-FRANCHE-COMTÉ,547937,64.0,-1.45,-2.59,1.14,21.0,34.0,6.6,12.8,311966,256502,17.0,10.0,70.0,1827,2195.0,42839,98.0,187.0,116.0,8.76,19.73,5.36,46.0,20.0
2021,83,Var,93,PROVENCE-ALPES-CÔTE D'AZUR,1079043,180.0,7.0284859,-0.425121233,7.453607133,20.0,33.0,8.2,15.6,722127,494739,10.52190098,6.135267659,46.58054705,8969,9472.0,52056,1929.0,2.0,82.0,3.303411852,6.160673121,5.719033757,32.0,6.0
2021,61,Orne,28,NORMANDIE,277400,45.0,-4.883384423,-1.968509337,-2.914875087,21.0,34.0,7.3,15.4,165463,129524,16.26568493,11.24865071,79.48537061,623,429.0,21068,73.0,0.0,24.0,6.938530134,31.74957281,4.666699037,42.0,38.0
2021,7,Ardèche,84,AUVERGNE-RHÔNE-ALPES,327740,59.0,4.014725951,-1.302802374,5.317528325,21.0,32.0,8.4,14.4,204906,148173,9.220931224,9.734526097,74.68491632,2004,1951.0,13663,202.0,85.0,29.0,4.878778809,20.34692235,5.232601974,35.0,31.0
2021,77,Seine-et-Marne,11,ÎLE-DE-FRANCE,1426334,241.0,7.658818068,7.833703811,-0.174885743,27.0,20.0,7.3,11.8,619783,559614,19.17480712,6.774690619,57.29874892,10155,12351.0,107305,2691.0,297.0,324.0,2.972556399,8.182284143,6.314247333,35.0,23.0
2023,85,Vendée,52,PAYS DE LA LOIRE,698570,104.0,8.870000000000001,-0.58,9.45,22.702950312781827,32.5295961750433,5.1,8.9,435953,310051,8.0,5.0,83.0,5915,8762.0,24728,531.0,17.0,41.0,3.8600000000000003,31.430000000000003,5.2,31.0,13.0
2023,18,Cher,24,CENTRE-VAL DE LOIRE,299546,41.0,-3.9,-3.2,-0.7000000000000001,21.072222630247104,33.86291254097868,7.3999999999999995,14.0,179389,142658,15.0,13.0,79.0,879,1191.0,20825,179.0,234.0,73.0,4.6899999999999995,38.64,5.27,40.0,36.0
2023,93,Seine-Saint-Denis,11,ÎLE-DE-FRANCE,1664856,7054.0,8.82,13.99,-5.18,28.968931847559187,17.338856934173286,10.0,27.6,696152,645422,37.0,6.0,23.0,13507,13488.0,236379,2808.0,1020.0,168.0,2.16,1.67,6.71,43.0,18.0
2022,14,Calvados,28,NORMANDIE,695207,125.0,1.45,0.6,0.85,23.0,29.0,7.1,11.9,422082,317127,19.0,7.0,60.0,4905,6520.0,59840,669.0,142.0,86.0,03.09,32.4,5.7,37.0,17.0
2022,27,Eure,28,NORMANDIE,595697,99.0,1.29,2.67,-1.38,25.0,27.0,7.8,12.3,298148,254430,17.0,8.0,77.0,2385,2484.0,42513,229.0,52.0,133.0,2.36,28.3,5.64,35.0,18.0
2022,2A,Corse-du-Sud,94,CORSE,161082,40.0,10.45,-1.1,11.54,20.0,31.0,6.5,16.3,122005,70014,9.0,3.0,52.0,2199,1356.0,6327,72.0,0.0,0.0,2.92,8.2,06.07,31.0,15.0
2022,54,Meurthe-et-Moselle,44,GRAND EST,732085,139.0,-0.14,1.41,-1.55,23.0,26.0,7.5,14.6,379680,336776,16.0,9.0,53.0,2746,3817.0,53629,538.0,16.0,242.0,2.31,11.19,5.58,41.0,19.0
2022,7,Ardèche,84,AUVERGNE-RHÔNE-ALPES,329841,59.0,3.96,-2.09,06.05,22.0,33.0,8.6,14.3,206435,149347,9.0,10.0,75.0,2010,2541.0,13743,112.0,9.0,33.0,4.66,20.49,5.25,35.0,21.0
2022,43,Haute-Loire,84,AUVERGNE-RHÔNE-ALPES,227229,46.0,01.03,-2.47,3.51,22.0,32.0,6.1,11.9,143916,102943,8.0,12.0,78.0,981,1280.0,8267,32.0,0.0,29.0,6.7,19.28,5.26,41.0,25.0
2021,30,Gard,76,OCCITANIE,749136,127.0,5.556714105,1.392701141,4.164012963,22.0,30.0,10.6,19.8,428087,336215,12.41196841,8.410308065,62.60916894,4566,5618.0,41731,943.0,231.0,40.0,6.026616928,12.28343438,5.669053846,38.0,6.0
2021,80,Somme,32,HAUTS-DE-FRANCE,568750,92.0,-0.348844747,1.321965655,-1.670810403,24.0,26.0,9.1,16.4,301740,251457,16.65805884,8.400241967,73.33606924,2769,2890.0,41888,491.0,22.0,61.0,3.14484427,25.85227273,5.577486537,38.0,31.0
2023,54,Meurthe-et-Moselle,44,GRAND EST,731390,139.0,-0.24,1.41,-1.6500000000000001,23.112703208958287,26.337795157166493,6.800000000000001,14.6,381849,338243,16.0,9.0,53.0,2824,4289.0,53829,499.0,147.0,262.0,2.0,20.95,5.52,42.0,20.0
2023,43,Haute-Loire,84,AUVERGNE-RHÔNE-ALPES,227111,46.0,0.98,-2.4699999999999998,3.45,22.12618499324119,32.26527997322895,5.5,11.9,144442,103475,8.0,12.0,77.0,955,1219.0,8316,107.0,26.0,24.0,5.319999999999999,8.200000000000001,5.3,42.0,28.0
2023,95,Val-d'Oise,11,ÎLE-DE-FRANCE,1258517,1010.0,6.619999999999999,11.23,-4.61,28.404542807129346,19.68443811247683,7.9,17.0,523106,484570,27.0,6.0,43.0,7508,6747.0,129256,2409.0,113.0,139.0,2.18,6.59,6.53,40.0,15.0
2023,74,Haute-Savoie,84,AUVERGNE-RHÔNE-ALPES,843675,192.0,12.94,6.279999999999999,6.660000000000001,24.607816991139952,22.922333837081815,5.3,9.4,533337,372298,14.000000000000002,7.000000000000001,39.0,10912,11153.0,51857,1402.0,16.0,55.0,1.7500000000000002,39.09,6.29,28.0,15.0
2022,6,Alpes-Maritimes,93,PROVENCE-ALPES-CÔTE D'AZUR,1101039,253.0,1.83,0.06,1.77,21.0,31.0,8.6,16.2,778291,516674,11.0,8.0,24.0,6923,6136.0,58685,1437.0,14.0,77.0,1.64,2.23,6.72,33.0,5.0
2021,38,Isère,84,AUVERGNE-RHÔNE-ALPES,1269323,170.0,5.218033545,5.135554977,0.082478568,25.0,24.0,6.6,11.3,653289,548468,16.4417855,7.702555331,49.10302389,9031,11078.0,90178,1191.0,227.0,234.0,2.580772034,10.30628313,5.944240762,36.0,26.0
2022,70,Haute-Saône,27,BOURGOGNE-FRANCHE-COMTÉ,233489,44.0,-2.59,-0.92,-1.67,22.0,31.0,6.8,13.0,128450,106544,11.0,11.0,76.0,743,831.0,11359,99.0,0.0,35.0,5.48,24.78,4.92,41.0,17.0
2021,12,Aveyron,76,OCCITANIE,279334,31.0,0.913639566,-3.531005582,4.444645147,20.0,35.0,6.0,14.0,182027,130680,6.600812301,10.83432142,73.67337762,1358,1338.0,8626,107.0,59.0,1.0,4.634537163,16.76327382,4.720750752,42.0,21.0
2021,68,Haut-Rhin,44,GRAND EST,765130,217.0,2.046994993,2.707853749,-0.660858756,23.0,27.0,8.0,12.9,380237,333661,15.039204,8.967768984,51.83120203,3745,4556.0,50180,461.0,43.0,117.0,3.145604972,6.713830211,5.619745441,45.0,24.0
2021,66,Pyrénées-Orientales,76,OCCITANIE,478983,116.0,6.786417356,-1.606534936,8.392952292,21.0,33.0,12.2,21.0,352741,224381,11.07309015,8.162977461,55.86648307,3900,4043.0,24846,693.0,23.0,19.0,3.497864061,21.24285599,5.448128712,30.0,1.0
2023,33,Gironde,75,NOUVELLE-AQUITAINE,1655325,154.0,13.089999999999998,2.9499999999999997,10.14,22.875930708471145,25.62451482337305,6.4,12.4,900198,763663,15.0,6.0,61.0,15867,13345.0,111697,2939.0,297.0,411.0,1.23,10.26,6.17,29.0,5.0
2022,58,Nièvre,27,BOURGOGNE-FRANCHE-COMTÉ,201110,30.0,-7.89,-6.65,-1.24,19.0,38.0,6.5,15.5,141411,100314,13.0,14.0,78.0,363,375.0,13348,8.0,165.0,30.0,12.11,16.53,5.15,45.0,19.0
2023,92,Hauts-de-Seine,11,ÎLE-DE-FRANCE,1631170,9268.0,3.1300000000000003,9.25,-6.12,24.50817511356879,20.67963486331897,5.800000000000001,11.9,815765,731525,28.000000000000004,7.000000000000001,11.0,11212,9227.0,205753,2677.0,606.0,324.0,2.42,0.91,6.97,47.0,15.0
2023,13,Bouches-du-Rhône,93,PROVENCE-ALPES-CÔTE D'AZUR,2055002,404.0,4.0,4.24,-0.24,23.359831279969555,27.08518045237912,8.6,17.9,1055315,925755,18.0,8.0,37.0,12513,11519.0,164055,2574.0,559.0,425.0,2.36,2.23,5.89,40.0,7.0
2023,9,Ariège,76,OCCITANIE,154222,32.0,1.27,-3.9600000000000004,5.2299999999999995,20.456225441247035,34.4950785231679,9.3,17.9,110875,73183,5.0,9.0,80.0,591,696.0,3653,3.0,0.0,1.0,2.63,19.73,05.05,37.0,0.0
2023,974,La Réunion,4,LA RÉUNION,866669,346.0,4.6,12.0,-7.41,29.49926673274341,19.25994814629345,17.1,35.6,369895,328195,25.0,9.0,66.0,7225,7534.0,80739,1828.0,36.0,151.0,0.9199999999999999,0.8999999999999999,6.24,21.0,
2022,38,Isère,84,AUVERGNE-RHÔNE-ALPES,1280557,171.0,5.38,4.91,0.47,25.0,25.0,6.5,11.3,659031,553122,17.0,8.0,49.0,8955,10993.0,91920,1987.0,27.0,224.0,2.77,10.26,06.03,36.0,21.0
2022,23,Creuse,75,NOUVELLE-AQUITAINE,114609,21.0,-6.49,-9.86,3.37,18.0,40.0,7.1,18.3,88646,57111,10.0,16.0,86.0,240,249.0,5469,0.0,0.0,15.0,10.48,29.79,4.59,45.0,25.0
2021,57,Moselle,44,GRAND EST,1041009,167.0,-0.388205147,1.363358869,-1.751564016,22.0,27.0,7.7,15.3,518771,460366,17.03250489,9.150402052,55.00011085,5166,5708.0,78412,670.0,194.0,228.0,4.923796612,12.32081824,5.47122355,46.0,20.0
2023,11,Aude,76,OCCITANIE,376885,61.0,4.7,-2.7,7.3999999999999995,21.08361967178317,34.019661169852874,9.9,20.0,266877,177287,10.0,8.0,71.0,2069,1885.0,18419,418.0,142.0,39.0,2.71,23.990000000000002,5.46,38.0,10.0
2023,80,Somme,32,HAUTS-DE-FRANCE,566872,92.0,-0.76,0.74,-1.5,23.908042732750957,27.0611354944326,8.6,15.7,305380,254010,17.0,8.0,73.0,2584,2628.0,42598,448.0,0.0,85.0,2.67,14.32,5.65,40.0,26.0
2022,65,Hautes-Pyrénées,76,OCCITANIE,230579,51.0,0.59,-4.25,4.84,20.0,35.0,8.8,15.5,163634,109681,12.0,10.0,60.0,1054,1462.0,12617,23.0,3.0,31.0,4.53,17.42,5.43,39.0,6.0
2022,89,Yonne,27,BOURGOGNE-FRANCHE-COMTÉ,332048,45.0,-3.04,-2.35,-0.69,22.0,32.0,7.1,14.3,197718,152951,14.0,12.0,78.0,791,948.0,20929,165.0,0.0,45.0,4.59,19.94,5.26,40.0,16.0
2022,974,La Réunion,4,LA RÉUNION,866181,342.0,4.54,12.0,-7.47,29.0,19.0,18.0,35.6,383878,338066,23.35549863044494,9.0,66.0,7258,7962.0,78957,255425.0,141.0,161.0,1.0,14.0,6.2,20.0,
2021,8,Ardennes,44,GRAND EST,267496,51.0,-5.561871139,0.082612533,-5.644483672,22.0,29.0,9.5,18.9,143015,121658,19.94017069,11.43152571,71.18447478,718,670.0,24259,296.0,0.0,24.0,4.965438796,23.74788738,4.993524248,40.0,18.0
2021,62,Pas-de-Calais,32,HAUTS-DE-FRANCE,1459364,218.0,-0.138430135,2.319645652,-2.458075787,25.0,25.0,9.0,19.3,717901,617546,26.12902951,7.620728612,77.27199331,6238,5788.0,161359,1297.0,426.0,404.0,2.2891117,56.07992117,5.637818065,50.0,22.0
2021,91,Essonne,11,ÎLE-DE-FRANCE,1309566,725.0,7.753056758,9.022660326,-1.269603568,27.0,20.0,7.0,13.1,564587,518768,24.06123665,6.478593138,46.16007735,9513,8002.0,124822,2912.0,0.0,415.0,2.426067567,4.1386935,6.340427354,36.0,18.0
2021,84,Vaucluse,93,PROVENCE-ALPES-CÔTE D'AZUR,560425,157.0,3.189070253,2.838493477,0.350576776,23.0,29.0,10.1,20.0,305436,249368,14.17459003,10.09375927,64.14501507,3549,3765.0,35347,505.0,9.0,71.0,2.272931722,15.70713215,5.728104204,38.0,17.0
2021,56,Morbihan,53,BRETAGNE,760313,111.0,5.356561358,-0.980659787,6.337221145,22.0,32.0,6.6,11.2,468872,350465,10.73202307,7.276656108,73.64928265,5404,5605.0,37612,459.0,34.0,77.0,2.692718168,20.65564182,5.366977147,30.0,17.0
2021,51,Marne,44,GRAND EST,563834,69.0,-0.260566383,2.732143773,-2.992710156,24.0,26.0,7.6,14.4,295610,260554,28.33920774,8.993290325,55.40751405,2922,3574.0,73839,704.0,198.0,339.0,4.784483376,17.76703368,5.36234076,39.0,31.0
2021,14,Calvados,28,NORMANDIE,693310,124.0,1.49391382,1.152092284,0.341821535,23.0,28.0,7.2,12.4,419713,315751,18.82335425,6.814230658,60.21996836,4859,4977.0,59435,570.0,92.0,97.0,2.664532695,29.48431059,5.595251232,36.0,19.0
2021,47,Lot-et-Garonne,75,NOUVELLE-AQUITAINE,330756,61.0,-0.110834947,-1.887818122,1.776983175,21.0,33.0,7.9,17.0,186511,153366,7.352312427,11.48945116,79.58347907,1275,1543.0,11276,138.0,0.0,70.0,1.958993098,29.4608017,5.187852725,33.0,9.0
2023,25,Doubs,27,BOURGOGNE-FRANCHE-COMTÉ,546630,104.0,3.3099999999999996,3.52,-0.21,24.489142564440296,26.015037593984964,6.3,12.2,285770,248963,15.0,9.0,51.0,2893,3019.0,36989,226.0,274.0,163.0,2.93,25.22,5.69,42.0,20.0
2023,51,Marne,44,GRAND EST,565685,69.0,-0.16,2.4299999999999997,-2.58,23.87459451815056,26.361314158940047,7.000000000000001,14.2,299421,262478,28.000000000000004,9.0,55.00000000000001,2742,2991.0,73089,484.0,811.0,368.0,3.46,08.02,5.44,41.0,27.0
2023,72,Sarthe,52,PAYS DE LA LOIRE,567068,91.0,0.24,0.98,-0.74,24.00558663158563,29.255045250305077,6.800000000000001,12.9,294778,253990,16.0,9.0,75.0,1789,2585.0,39399,236.0,12.0,82.0,1.32,18.64,5.19,40.0,20.0
2023,27,Eure,28,NORMANDIE,598404,99.0,1.7500000000000002,2.67,-0.9199999999999999,25.362965488198608,26.516199758023006,6.7,12.3,299419,256061,16.0,8.0,77.0,2376,3208.0,42169,179.0,160.0,87.0,1.96,5.140000000000001,5.62,36.0,19.0
2023,56,Morbihan,53,BRETAGNE,768617,113.0,5.71,-1.7000000000000002,7.41,21.991707183161445,32.74387633893083,5.6000000000000005,11.5,464186,346231,11.0,7.000000000000001,74.0,5672,6835.0,38362,618.0,111.0,84.0,02.02,16.150000000000002,5.37,31.0,17.0
2022,67,Bas-Rhin,44,GRAND EST,1150899,240.0,4.7,3.19,1.5,23.0,26.0,6.7,13.2,567991,504685,14.0,8.0,46.0,7771,8336.0,69870,1352.0,67.0,58.0,03.01,4.31,5.98,44.0,19.0
2022,40,Landes,75,NOUVELLE-AQUITAINE,419507,45.0,8.14,-2.23,10.37,21.0,33.0,7.6,11.4,262370,191040,7.0,7.0,73.0,4127,5273.0,14017,341.0,0.0,17.0,1.25,39.87,5.38,28.0,6.0
2022,56,Morbihan,53,BRETAGNE,767088,111.0,5.5,-1.7,7.2,22.0,33.0,6.5,11.5,472749,353880,11.0,7.0,74.0,5548,7783.0,37928,410.0,20.0,82.0,2.78,20.46,5.39,31.0,16.0
2022,84,Vaucluse,93,PROVENCE-ALPES-CÔTE D'AZUR,562533,157.0,2.91,2.53,0.38,24.0,29.0,10.1,19.5,308505,251069,14.0,10.0,64.0,3599,3935.0,35851,528.0,1.0,74.0,02.08,16.07,5.77,39.0,11.0
2021,2A,Corse-du-Sud,94,CORSE,161208,40.0,12.26183844,-0.520891365,12.78272981,20.0,31.0,6.6,16.1,120566,69342,9.019029412,2.746733078,52.05305036,2482,2288.0,6254,56.0,0.0,5.0,2.132622459,8.298688839,6.045168542,31.0,19.0
2023,30,Gard,76,OCCITANIE,753509,129.0,4.89,0.91,3.9899999999999998,22.654938428074516,30.8921326752567,9.8,19.4,435785,341562,12.0,9.0,63.0,4648,4799.0,42581,555.0,8.0,61.0,6.69,16.78,5.6,38.0,6.0
2023,31,Haute-Garonne,76,OCCITANIE,1434268,227.0,13.81,5.86,7.95,23.55229287692398,22.44190067686095,7.199999999999999,13.3,754396,666916,15.0,7.000000000000001,49.0,15194,14194.0,96979,3081.0,117.0,406.0,2.55,06.03,6.32,26.0,11.0
2023,63,Puy-de-Dôme,84,AUVERGNE-RHÔNE-ALPES,664189,83.0,4.52,0.32,4.2,22.424942298050706,28.702824045565343,6.2,13.2,394760,313368,14.000000000000002,10.0,63.0,3968,5226.0,44927,695.0,19.0,199.0,2.8899999999999997,10.47,5.35,37.0,14.0
2022,34,Hérault,76,OCCITANIE,1203899,194.0,13.36,2.38,10.98,23.0,28.0,10.9,18.7,739737,551782,12.0,7.0,48.0,11640,11938.0,67668,2027.0,0.0,74.0,1.2,11.9,5.92,27.0,5.0
2023,22,Côtes-d'Armor,53,BRETAGNE,605211,88.0,1.82,-3.2399999999999998,05.07,22.112783805978413,33.9172619136136,6.2,12.1,366683,275171,9.0,9.0,82.0,3315,4494.0,23791,468.0,3.0,29.0,1.41,24.81,5.1,32.0,12.0
2023,21,Côte-d'Or,27,BOURGOGNE-FRANCHE-COMTÉ,535275,61.0,1.78,1.22,0.5599999999999999,22.500770631918172,27.99252720564196,5.6000000000000005,11.5,294776,253171,15.0,9.0,54.0,3020,3278.0,37706,692.0,0.0,49.0,2.56,11.19,5.76,36.0,17.0
2023,24,Dordogne,75,NOUVELLE-AQUITAINE,412686,46.0,-0.6,-5.91,5.319999999999999,18.787165060118348,37.84039196871229,7.1,16.1,262321,197638,7.000000000000001,10.0,84.0,2009,3228.0,14405,228.0,104.0,3.0,3.8899999999999997,19.21,5.26,36.0,17.0
2022,53,Mayenne,52,PAYS DE LA LOIRE,306224,59.0,-0.26,01.02,-1.29,24.0,29.0,5.2,11.0,158083,135257,12.0,9.0,81.0,1270,1996.0,15933,111.0,0.0,91.0,3.85,31.43,5.0,38.0,19.0
2022,972,Martinique,2,MARTINIQUE,356029,319.0,-9.24,1.78,-11.02,21.0,31.0,12.9,26.7,214788,166994,20.485765955663076,16.0,62.0,2679,2838.0,34210,76417.0,46.0,0.0,5.0,0.0,5.7,26.0,
2021,90,Territoire de Belfort,27,BOURGOGNE-FRANCHE-COMTÉ,139866,229.0,-2.130696727,2.596721036,-4.727417764,23.0,27.0,8.6,14.5,72929,64708,22.03880082,9.789138878,46.89967562,516,501.0,14261,34.0,256.0,16.0,3.293300098,8.484678494,5.141722598,43.0,24.0
2021,25,Doubs,27,BOURGOGNE-FRANCHE-COMTÉ,542997,103.0,2.885158308,3.935615893,-1.050457586,24.0,25.0,7.2,12.1,282055,245757,15.33140346,8.521194155,51.17247102,2969,3177.0,37678,485.0,250.0,152.0,2.89978921,7.779075322,5.580911692,41.0,23.0
2021,17,Charente-Maritime,75,NOUVELLE-AQUITAINE,650757,94.0,4.569009984,-2.959556372,7.528566355,20.0,35.0,8.0,12.8,436869,308933,9.560634655,7.14797207,77.3834097,5652,7173.0,29536,614.0,13.0,63.0,1.782682513,23.53399242,5.480524987,33.0,7.0
2021,60,Oise,32,HAUTS-DE-FRANCE,829408,141.0,3.21219022,4.948885944,-1.736695724,26.0,23.0,8.0,12.9,376184,340146,19.83233953,7.11826893,66.82399745,3464,3223.0,67459,747.0,16.0,226.0,1.340033501,15.83332098,5.534074617,39.0,27.0
2021,63,Puy-de-Dôme,84,AUVERGNE-RHÔNE-ALPES,666274,83.0,5.371249274,0.722903761,4.648345514,22.0,28.0,6.8,13.2,389711,309808,13.90343077,10.35923367,63.15525078,3760,4953.0,43074,495.0,14.0,140.0,2.93766776,14.1036356,5.350434008,37.0,15.0
2023,40,Landes,75,NOUVELLE-AQUITAINE,421672,46.0,8.7,-2.23,10.93,20.770646379176235,33.293887191940655,6.800000000000001,11.4,265930,193850,8.0,7.000000000000001,73.0,4302,5878.0,14697,709.0,0.0,24.0,1.82,13.69,5.4,28.0,6.0
2023,94,Val-de-Marne,11,ÎLE-DE-FRANCE,1413781,5771.0,6.0,9.81,-3.81,25.394951551902313,20.747555668098524,7.000000000000001,16.6,654340,603696,30.0,6.0,21.0,9739,13260.0,181408,2009.0,298.0,176.0,1.96,1.52,6.82,43.0,14.0
2023,32,Gers,76,OCCITANIE,192159,31.0,1.73,-5.01,6.74,20.016756956478748,36.100312761827446,0.0,15.0,112134,89745,7.000000000000001,10.0,81.0,827,1083.0,5890,150.0,116.0,34.0,02.09,32.4,05.08,33.0,8.0
2022,95,Val-d'Oise,11,ÎLE-DE-FRANCE,1267124,1006.0,7.35,11.23,-3.88,29.0,20.0,8.8,17.0,517063,478885,27.0,6.0,44.0,7723,6520.0,127457,1411.0,2.0,183.0,2.77,6.59,6.58,39.0,14.0
2021,26,Drôme,84,AUVERGNE-RHÔNE-ALPES,520531,79.0,7.389084307,2.529733967,4.85935034,24.0,28.0,8.5,14.8,275726,229776,12.52170787,8.630781086,63.80635226,3345,3229.0,28772,503.0,133.0,84.0,2.261571465,17.31196997,5.476515463,34.0,11.0
2021,85,Vendée,52,PAYS DE LA LOIRE,687477,102.0,8.301957535,0.184158871,8.117798663,22.0,32.0,6.2,9.2,426425,301490,7.948500968,5.121445899,83.56601305,5345,6544.0,23964,519.0,25.0,15.0,3.1592411,47.63395093,5.105177039,30.0,13.0
2021,45,Loiret,24,CENTRE-VAL DE LOIRE,682187,100.0,3.975278347,3.54104907,0.434229277,25.0,26.0,7.2,13.2,347107,298950,17.13193527,9.15307836,68.06182482,3566,3652.0,51216,502.0,98.0,148.0,2.828433197,24.5528741,5.775370943,35.0,19.0
2023,59,Nord,32,HAUTS-DE-FRANCE,2607335,454.0,01.09,4.55,-3.46,25.89582849921472,23.536216098046474,9.2,18.4,1241241,1125260,25.0,8.0,65.0,12630,15017.0,278021,3227.0,350.0,848.0,1.1900000000000002,5.53,5.71,41.0,22.0
2022,28,Eure-et-Loir,24,CENTRE-VAL DE LOIRE,429083,73.0,-0.31,2.35,-2.66,25.0,28.0,7.0,11.8,217440,185213,18.0,9.0,74.0,1818,2643.0,32487,323.0,60.0,82.0,3.96,22.89,5.19,39.0,23.0
2022,68,Haut-Rhin,44,GRAND EST,767736,217.0,1.95,2.17,-0.22,23.0,27.0,7.8,13.2,382805,335574,15.0,9.0,52.0,3976,5416.0,50172,328.0,223.0,120.0,3.15,6.69,5.67,46.0,23.0
2022,46,Lot,76,OCCITANIE,174282,33.0,-0.27,-5.9,5.63,18.0,39.0,7.8,14.9,119499,84516,6.0,11.0,84.0,872,1145.0,5262,25.0,7.0,5.0,2.58,33.62,5.36,34.0,13.0
2022,39,Jura,27,BOURGOGNE-FRANCHE-COMTÉ,257906,52.0,-1.3,-1.16,-0.13,22.0,31.0,5.3,11.2,150475,119974,12.0,10.0,65.0,932,1192.0,14160,22.0,1.0,16.0,4.88,13.69,4.82,46.0,26.0
2021,13,Bouches-du-Rhône,93,PROVENCE-ALPES-CÔTE D'AZUR,2044355,401.0,3.668171386,4.365071718,-0.696900333,23.0,26.0,9.2,18.7,1034043,908790,17.66029013,7.551417364,37.46346439,12880,12914.0,160495,2520.0,367.0,545.0,2.317529714,5.583974579,5.864655122,39.0,7.0
2021,44,Loire-Atlantique,52,PAYS DE LA LOIRE,1442940,211.0,12.54925697,4.426965521,8.122291452,25.0,24.0,6.7,10.3,752968,631802,14.42412436,5.576468425,61.08199283,13413,13632.0,91132,2546.0,110.0,382.0,2.168072114,14.34512575,5.807774037,31.0,3.0
2021,9,Ariège,76,OCCITANIE,153113,31.0,0.707060077,-3.136715821,3.843775898,20.0,34.0,9.9,18.0,110222,72404,4.998280385,9.709192488,79.65357969,616,632.0,3619,48.0,0.0,1.0,4.153354633,19.72920696,5.005076227,35.0,
2022,16,Charente,75,NOUVELLE-AQUITAINE,350888,59.0,-0.52,-2.86,2.35,20.0,33.0,7.5,14.6,198920,165063,10.0,11.0,83.0,1264,1629.0,16153,151.0,45.0,31.0,3.21,20.66,5.2,41.0,12.0
2021,54,Meurthe-et-Moselle,44,GRAND EST,731533,139.0,-0.092050472,1.893590201,-1.985640673,23.0,26.0,7.5,15.4,378055,335359,15.84957576,9.30029085,53.38350119,2855,3102.0,53153,574.0,216.0,437.0,3.149508019,11.14706602,5.546461942,41.0,22.0
2021,23,Creuse,75,NOUVELLE-AQUITAINE,115555,20.0,-6.074990449,-8.593095937,2.518105487,17.0,39.0,7.0,18.7,88727,57456,9.645514458,15.4705554,86.48040765,305,192.0,5542,0.0,24.0,6.0,9.064830752,29.61024901,4.573917823,43.0,27.0
2023,23,Creuse,75,NOUVELLE-AQUITAINE,115050,21.0,-6.13,-9.86,3.73,18.050412863972188,39.510647544545854,6.800000000000001,18.3,88769,57088,10.0,16.0,86.0,231,254.0,5468,16.0,0.0,24.0,07.02,35.78,4.6,46.0,26.0
2023,86,Vienne,75,NOUVELLE-AQUITAINE,440161,63.0,2.73,0.27,2.4699999999999998,23.060425616990145,28.943727408834498,5.800000000000001,14.0,243821,206346,13.0,9.0,74.0,1858,2552.0,25893,206.0,72.0,63.0,3.53,19.28,5.39,40.0,18.0
2023,46,Lot,76,OCCITANIE,174907,34.0,0.09,-5.8999999999999995,5.9799999999999995,18.78255301388738,38.693705797938335,7.3,14.9,120123,85214,6.0,11.0,84.0,858,1069.0,5360,86.0,10.0,0.0,5.0200000000000005,20.66,5.38,34.0,16.0
2023,12,Aveyron,76,OCCITANIE,279571,32.0,1.3599999999999999,-4.34,5.7,20.015309170121366,35.44359035808435,5.6000000000000005,14.0,183702,131850,7.000000000000001,11.0,74.0,1262,1553.0,8622,132.0,136.0,9.0,3.8699999999999997,29.599999999999998,4.81,39.0,24.0
2023,34,Hérault,76,OCCITANIE,1203908,197.0,13.36,2.3800000000000003,10.979999999999999,22.702814500775805,28.07166328324091,9.9,18.7,750002,561618,13.0,7.000000000000001,48.0,11493,10324.0,70501,2373.0,590.0,52.0,1.7399999999999998,23.169999999999998,5.96,26.0,5.0
2022,3,Allier,84,AUVERGNE-RHÔNE-ALPES,333042,45.0,-2.83,-4.66,1.83,20.0,36.0,8.3,15.3,208863,162717,12.0,15.0,72.0,870,1065.0,20200,49.0,187.0,13.0,06.08,26.15,5.22,40.0,20.0
2021,58,Nièvre,27,BOURGOGNE-FRANCHE-COMTÉ,201755,29.0,-8.11944404,-5.496757505,-2.622686535,19.0,38.0,6.2,15.7,141622,100743,13.43812123,13.7740513,77.95512575,440,304.0,13538,37.0,100.0,23.0,11.45423919,16.39089969,5.138626249,44.0,32.0
2021,2,Aisne,32,HAUTS-DE-FRANCE,528471,71.0,-2.226979064,1.227548898,-3.454527963,24.0,27.0,11.0,18.4,266640,231215,17.57454758,9.75515112,75.65524574,1431,1205.0,40635,127.0,38.0,142.0,4.954921206,24.31155408,5.278232336,39.0,37.0
2021,72,Sarthe,52,PAYS DE LA LOIRE,563536,90.0,0.003194219,1.505187057,-1.501992838,24.0,29.0,7.7,13.1,292627,251958,15.57162801,9.216281317,75.18904259,1961,1629.0,39234,230.0,0.0,64.0,1.970654386,23.92057909,5.115044524,38.0,21.0
2021,82,Tarn-et-Garonne,76,OCCITANIE,261307,70.0,8.113017071,0.975597647,7.137419424,24.0,29.0,9.2,17.0,132602,111851,7.763833999,9.884889238,78.51299987,1383,1436.0,8684,246.0,0.0,4.0,2.735849057,38.24274528,5.458915952,31.0,20.0
2023,44,Loire-Atlantique,52,PAYS DE LA LOIRE,1462506,215.0,12.82,4.43,8.39,24.86759028680908,24.59367688064186,5.5,10.0,776207,652200,15.0,6.0,61.0,12605,11325.0,95142,2210.0,330.0,289.0,1.8599999999999999,32.42,5.86,32.0,3.0
2023,10,Aube,44,GRAND EST,311831,52.0,2.58,0.48,2.1,24.45587513749435,28.298661775128192,9.4,16.2,166928,143058,23.0,9.0,66.0,1275,1389.0,32198,337.0,1.0,145.0,3.3099999999999996,15.709999999999999,5.5,40.0,25.0
2023,48,Lozère,76,OCCITANIE,76593,15.0,-0.73,-5.01,4.279999999999999,20.798245270455524,33.19885629235048,4.6,14.9,61734,35638,8.0,10.0,78.0,353,422.0,3003,5.0,7.0,0.0,4.5600000000000005,23.44,5.22,38.0,39.0
2023,39,Jura,27,BOURGOGNE-FRANCHE-COMTÉ,257991,52.0,-1.26,-1.16,-0.1,22.257753177436424,31.270083064913116,5.2,11.2,151009,120467,12.0,10.0,65.0,966,1420.0,14146,60.0,23.0,23.0,3.74,20.46,4.85,47.0,30.0
2023,90,Territoire de Belfort,27,BOURGOGNE-FRANCHE-COMTÉ,138976,228.0,-3.05,1.92,-4.97,23.737192033156802,27.09244761685471,8.1,14.8,73384,64329,22.0,11.0,47.0,476,537.0,13969,42.0,171.0,68.0,6.45,31.730000000000004,5.17,45.0,23.0
2023,60,Oise,32,HAUTS-DE-FRANCE,830560,142.0,03.09,4.77,-1.68,26.282146985166634,23.660301483336543,7.199999999999999,12.8,380003,343834,20.0,7.000000000000001,67.0,3373,4669.0,68368,736.0,13.0,282.0,1.35,2.48,5.66,40.0,25.0
2022,66,Pyrénées-Orientales,76,OCCITANIE,483558,116.0,6.86,-2.32,9.18,21.0,34.0,12.3,20.7,355661,226760,11.0,8.0,56.0,3732,3899.0,25428,510.0,23.0,26.0,4.1,20.95,5.51,29.0,1.0
2021,29,Finistère,53,BRETAGNE,913187,135.0,1.733346108,-1.318474914,3.051821022,22.0,30.0,6.6,10.6,545808,430088,11.14516072,7.539038159,73.21390784,4966,5318.0,47934,634.0,63.0,28.0,2.700523104,25.07823257,5.375687124,33.0,12.0
2023,38,Isère,84,AUVERGNE-RHÔNE-ALPES,1282526,173.0,5.54,4.91,0.63,25.194654923175047,24.85056833155819,5.7,11.3,665362,558572,17.0,8.0,49.0,9173,10637.0,93330,1565.0,81.0,278.0,2.56,22.89,06.06,36.0,22.0
2022,42,Loire,84,AUVERGNE-RHÔNE-ALPES,766473,160.0,2.33,1.55,0.77,24.0,29.0,7.6,15.0,401112,343335,17.0,10.0,51.0,3253,4501.0,59993,391.0,192.0,193.0,5.63,7.69,5.19,44.0,19.0
2022,10,Aube,44,GRAND EST,310804,52.0,2.24,0.48,1.76,24.0,28.0,10.0,16.2,166101,142246,22.0,10.0,66.0,1290,1314.0,32002,184.0,198.0,156.0,2.94,23.99,5.42,39.0,24.0
2022,94,Val-de-Marne,11,ÎLE-DE-FRANCE,1425072,5762.0,6.85,9.81,-2.96,26.0,21.0,7.7,16.6,647289,598392,30.0,6.0,21.0,9276,8314.0,179474,2157.0,171.0,368.0,2.49,1.52,6.94,42.0,12.0
2022,29,Finistère,53,BRETAGNE,919983,136.0,2.24,-1.9,4.14,22.0,31.0,6.6,11.0,549039,433090,11.0,7.0,73.0,5178,7858.0,48430,566.0,0.0,94.0,2.86,25.14,5.44,33.0,9.0
2022,30,Gard,76,OCCITANIE,751840,128.0,4.66,0.91,3.76,23.0,31.0,10.6,19.4,431684,338732,12.0,8.0,63.0,4652,5818.0,42004,669.0,300.0,52.0,5.15,12.96,5.55,38.0,3.0
2021,46,Lot,76,OCCITANIE,174146,33.0,-0.24745386,-4.910126133,4.662672273,18.0,38.0,7.8,15.0,118998,84060,6.253826625,10.79003173,83.52442485,889,792.0,5257,107.0,0.0,10.0,4.07548685,33.66939319,5.281820702,33.0,17.0
2021,22,Côtes-d'Armor,53,BRETAGNE,599271,87.0,1.289633409,-2.411259531,3.70089294,22.0,33.0,6.8,11.7,369601,277289,8.327387155,8.78638951,82.22552547,3317,3021.0,23091,448.0,80.0,18.0,2.444047783,41.51834048,5.048367101,31.0,13.0
2021,59,Nord,32,HAUTS-DE-FRANCE,2601802,453.0,0.971448752,4.726964378,-3.755515626,26.0,23.0,9.8,19.1,1224589,1111650,24.45084854,7.650652556,65.97816224,12975,12261.0,271808,2550.0,540.0,720.0,1.133582127,35.77267777,5.686523541,40.0,24.0
2023,41,Loir-et-Cher,24,CENTRE-VAL DE LOIRE,328271,52.0,-0.91,-1.63,0.72,22.39978554304218,32.479567186866944,5.8999999999999995,12.5,185591,150678,14.000000000000002,11.0,80.0,1157,1524.0,21510,103.0,48.0,41.0,2.85,30.28,4.91,38.0,22.0
2021,2B,Haute-Corse,94,CORSE,184659,39.0,12.32022522,-0.341749218,12.66197443,20.0,29.0,7.3,20.6,132077,80642,10.70406931,3.390629429,50.93180072,2298,2302.0,8632,186.0,9.0,5.0,1.918949628,10.9360519,5.534405391,34.0,14.0
2021,92,Hauts-de-Seine,11,ÎLE-DE-FRANCE,1628798,9254.0,3.580817684,9.008896718,-5.428079034,24.0,20.0,6.8,11.9,801736,719924,28.11196415,6.477672162,11.30260118,10733,12035.0,202385,1883.0,221.0,454.0,1.915385577,0.909158287,6.979770791,45.0,17.0
2021,6,Alpes-Maritimes,93,PROVENCE-ALPES-CÔTE D'AZUR,1088178,253.0,0.875938257,0.495305123,0.380633134,21.0,31.0,8.9,15.8,772316,512562,11.16507061,8.370714401,23.70709229,7226,6794.0,57228,1609.0,38.0,362.0,1.572647042,2.075906899,6.612326389,32.0,6.0
2021,1,Ain,84,AUVERGNE-RHÔNE-ALPES,657907,114.0,10.13926719,4.072715585,6.066551601,25.0,24.0,6.0,10.3,317983,274538,16.99179575,8.133067542,63.28818502,5552,4697.0,46649,1178.0,108.0,142.0,3.442823739,17.14291839,5.811308902,30.0,36.0
2021,39,Jura,27,BOURGOGNE-FRANCHE-COMTÉ,258766,51.0,-1.058370996,-0.409124626,-0.649246369,22.0,31.0,5.4,11.8,150169,119876,11.78791835,9.854960252,65.02684786,950,932.0,14131,40.0,0.0,19.0,5.711279778,13.5305357,4.768201958,45.0,33.0
2021,53,Mayenne,52,PAYS DE LA LOIRE,306123,59.0,-0.069857706,1.631862948,-1.701720654,24.0,29.0,5.3,11.5,157551,134870,11.91440504,9.129872533,80.61767224,1193,1522.0,16069,150.0,28.0,60.0,4.28769018,31.70079034,4.925780981,36.0,25.0
2023,49,Maine-et-Loire,52,PAYS DE LA LOIRE,823052,115.0,4.14,3.26,0.88,25.0321972366266,26.93268469063923,6.3,11.1,403157,363872,18.0,7.000000000000001,70.0,4457,5520.0,66407,594.0,298.0,363.0,1.51,40.239999999999995,5.41,36.0,12.0
2023,47,Lot-et-Garonne,75,NOUVELLE-AQUITAINE,329989,62.0,-0.27,-2.7,2.44,21.291618811536143,34.233868401673995,7.3,16.8,188120,154157,7.000000000000001,12.0,80.0,1284,1982.0,11450,235.0,2.0,72.0,1.29,39.87,5.24,34.0,9.0
2023,17,Charente-Maritime,75,NOUVELLE-AQUITAINE,659379,96.0,5.390000000000001,-3.91,9.3,19.946040137765987,35.915308191495335,6.7,12.4,445578,315325,10.0,7.000000000000001,77.0,5539,6940.0,30288,669.0,0.0,80.0,1.91,11.899999999999999,5.54,34.0,5.0
2022,86,Vienne,75,NOUVELLE-AQUITAINE,439635,63.0,2.61,0.27,2.34,23.0,29.0,6.3,14.0,242907,205392,13.0,10.0,74.0,1891,2474.0,25828,162.0,3.0,63.0,3.8,30.28,5.38,39.0,18.0
2022,971,Guadeloupe,1,GUADELOUPE,377856,233.0,-6.62,3.9,-10.52,24.0,28.0,17.2,,231840,173432,21.45048203330412,15.0,75.0,3146,2203.0,37202,90174.0,84.0,0.0,6.0,6.0,6.3,21.0,
2023,8,Ardennes,44,GRAND EST,268216,51.0,-5.26,-0.65,-4.61,23.27452500969368,29.431875801592746,9.2,18.3,143402,121551,20.0,12.0,71.0,623,700.0,24330,134.0,89.0,50.0,3.64,56.58,4.93,42.0,18.0
2023,91,Essonne,11,ÎLE-DE-FRANCE,1308892,726.0,6.83,9.5,-2.67,26.98687133850616,21.118014320509253,6.3,13.2,577712,529134,24.0,7.000000000000001,46.0,8879,8105.0,129387,2013.0,101.0,129.0,2.13,4.66,6.5,37.0,15.0
2023,83,Var,93,PROVENCE-ALPES-CÔTE D'AZUR,1094127,183.0,08.04,-1.04,09.08,20.49816885973932,33.72432999094255,7.199999999999999,15.3,735547,508199,11.0,6.0,46.0,8782,9093.0,55138,1560.0,10.0,40.0,3.1300000000000003,20.49,5.81,32.0,3.0
2023,7,Ardèche,84,AUVERGNE-RHÔNE-ALPES,330012,60.0,04.01,-2.09,6.1,21.69133243639625,33.04273783983613,7.9,14.3,207922,150578,9.0,10.0,75.0,2061,2581.0,13924,223.0,0.0,42.0,3.53,7.8,5.24,36.0,25.0
2023,76,Seine-Maritime,28,NORMANDIE,1254334,200.0,0.24,2.41,-2.17,24.139184619088695,27.109525851966065,7.5,14.6,653680,574349,26.0,8.0,56.00000000000001,6436,6791.0,148411,1204.0,1055.0,480.0,2.1,18.42,5.49,42.0,17.0
2022,47,Lot-et-Garonne,75,NOUVELLE-AQUITAINE,329848,62.0,-0.31,-2.7,2.39,21.0,34.0,7.9,16.8,187058,153387,7.0,12.0,80.0,1239,1717.0,11297,133.0,22.0,47.0,2.25,29.65,5.24,33.0,4.0
2022,69,Rhône,84,AUVERGNE-RHÔNE-ALPES,1899599,579.0,8.91,7.98,0.93,25.0,22.0,7.1,14.1,937544,838931,21.0,7.0,29.0,13208,11737.0,179353,3121.0,574.0,444.0,02.07,3.46,6.19,41.0,15.0
2021,43,Haute-Loire,84,AUVERGNE-RHÔNE-ALPES,227878,45.0,1.728525129,-1.684776301,3.413301429,22.0,32.0,6.1,12.1,143699,102719,8.046192773,12.40039062,77.58852971,982,779.0,8265,28.0,1.0,34.0,7.051695243,19.2861464,5.228435181,39.0,30.0
2022,9,Ariège,76,OCCITANIE,153197,31.0,0.6,-3.96,4.56,20.0,35.0,9.8,17.9,110526,72667,5.0,10.0,80.0,587,873.0,3624,2.0,0.0,0.0,04.06,19.73,05.06,36.0,0.0
2022,50,Manche,28,NORMANDIE,492667,83.0,-1.37,-2.16,0.78,21.0,33.0,5.6,11.4,299656,229482,17.0,8.0,80.0,2028,2596.0,37866,51.0,0.0,7.0,2.88,40.24,4.75,43.0,33.0
2021,88,Vosges,44,GRAND EST,361749,61.0,-4.73370132,-1.624601026,-3.109100294,21.0,32.0,8.2,15.4,214363,169386,14.34885528,11.27300831,64.96404054,1176,1008.0,24305,51.0,86.0,56.0,4.246546227,14.49084551,4.745013804,43.0,30.0
2021,67,Bas-Rhin,44,GRAND EST,1143364,240.0,4.330576099,3.426300637,0.904275462,22.0,25.0,6.9,13.7,561561,499905,13.73819896,7.832343736,46.00877889,7738,7084.0,68678,1381.0,148.0,61.0,3.120469978,4.165817292,5.916097449,43.0,22.0
2022,92,Hauts-de-Seine,11,ÎLE-DE-FRANCE,1636156,9255.0,3.45,9.25,-5.8,25.0,21.0,6.6,11.9,807711,724639,28.0,6.0,11.0,11364,11229.0,203659,1683.0,160.0,358.0,2.59,0.91,7.17,46.0,12.0